{
  "results": {
    "Pixels + LogisticRegression": {
      "mean": {
        "accuracy": 0.9788888888888889,
        "precision": 0.949832692247553,
        "recall": 0.9444444444444444,
        "f1": 0.9463596515770429
      },
      "std": {
        "accuracy": 0.010183501544346319,
        "precision": 0.010779040845349523,
        "recall": 0.05270462766947298,
        "f1": 0.027269641846687703
      }
    },
    "Pixels + SVM(RBF)": {
      "mean": {
        "accuracy": 0.9722222222222221,
        "precision": 0.9435015435015435,
        "recall": 0.9166666666666667,
        "f1": 0.9287083581496922
      },
      "std": {
        "accuracy": 0.014054567378526117,
        "precision": 0.03103604350285373,
        "recall": 0.06334307917217431,
        "f1": 0.037608319223453895
      }
    },
    "Morfologia + RandomForest": {
      "mean": {
        "accuracy": 0.9855555555555556,
        "precision": 0.9721871451283217,
        "recall": 0.9555555555555555,
        "f1": 0.9634475345222017
      },
      "std": {
        "accuracy": 0.005665577237325344,
        "precision": 0.01712252845090032,
        "recall": 0.028327886186626596,
        "f1": 0.014581520595892164
      }
    }
  },
  "best_method": "Morfologia + RandomForest"
}